File,Date
A_1img,2014-04-09
A_2img,2014-04-09
A_3img,2014-04-09
A_4img,2014-04-09
A_5img,2014-04-09
A_6img,2014-04-09
A_7img,2014-04-09
A_8img,2014-04-09
A_9img,2014-04-09
A_10img,2014-04-09
A_11img,2014-04-09
A_12img,2014-04-09
A_13img,2014-04-09
A_14img,2014-04-09
A_15img,2014-04-09
A_16img,2014-04-09
A_17img,2014-04-09
A_18img,2014-04-09
A_19img,2014-04-09
A_20img,2014-04-22
A_21img,2014-04-22
A_22img,2014-04-22
A_23img,2014-04-22
A_24img,2014-04-22
A_25img,2014-04-22
A_26img,2014-04-22
A_27img,2014-04-22
A_28img,2014-04-22
A_29img,2014-04-22
A_30img,2014-04-22
A_31img,2014-04-22
A_32img,2014-04-22
A_33img,2014-04-22
A_34img,2014-04-22
A_35img,2014-04-22
A_36img,2014-04-22
A_37img,2014-04-22
A_38img,2014-04-22
A_39img,2014-04-22
A_40img,2014-04-22
A_41img,2014-04-09
A_42img,2014-04-09
A_43img,2014-04-09
A_44img,2014-04-09
A_45img,2014-04-09
A_46img,2014-04-09
A_47img,2014-04-09
A_48img,2014-04-09
A_49img,2014-04-09
A_50img,2014-04-09
A_51img,2014-04-09
A_52img,2014-04-09
A_53img,2014-04-09
A_54img,2014-04-09
A_55img,2014-04-09
A_56img,2014-04-09
A_57img,2014-04-09
A_58img,2014-04-09
A_59img,2014-04-09
A_60img,2014-04-09
A_61img,2014-04-22
A_62img,2014-04-22
A_63img,2014-04-22
A_64img,2014-04-22
A_65img,2014-04-22
A_66img,2014-04-22
A_67img,2014-04-22
A_68img,2014-04-22
A_69img,2014-04-22
A_70img,2014-04-22
A_71img,2014-04-22
A_72img,2014-04-22
A_73img,2014-04-22
A_74img,2014-04-22
A_75img,2014-04-22
A_76img,2014-04-22
A_77img,2014-04-22
A_78img,2014-04-22
A_79img,2014-04-22
A_80img,2014-04-22
A_81img,2014-04-22
A_82img,2014-04-22
A_83img,2014-04-22
A_84img,2014-04-22
A_85img,2014-04-22
A_86img,2014-04-22
A_87img,2014-04-22
A_88img,2014-04-22
A_89img,2014-04-22
A_90img,2014-04-22
A_91img,2014-04-22
A_92img,2014-04-22
A_93img,2014-04-22
A_94img,2014-04-22
A_95img,2014-04-22
A_96img,2014-04-22
A_97img,2014-04-22
A_98img,2014-04-22
A_99img,2014-04-22
A_100img,2014-04-22
A_101img,2014-04-22
A_102img,2014-04-22
A_103img,2014-04-22
A_104img,2014-04-22
A_105img,2014-04-22
A_106img,2014-04-22
A_107img,2014-04-22
A_108img,2014-04-22
A_109img,2014-04-22
A_110img,2014-04-22
A_111img,2014-04-22
A_112img,2014-04-22
A_113img,2014-04-22
A_114img,2014-04-22
A_115img,2014-04-22
A_116img,2014-04-22
A_117img,2014-04-22
A_118img,2014-04-22
A_119img,2014-04-22
A_120img,2014-04-22
A_121img,2014-04-22
A_122img,2014-04-22
A_123img,2014-04-22
A_124img,2014-04-22
A_125img,2014-04-22
A_126img,2014-04-22
A_127img,2014-04-22
A_128img,2014-04-22
A_129img,2014-04-22
A_130img,2014-04-22
A_131img,2014-04-22
A_132img,2014-04-22
A_133img,2014-04-22
A_134img,2014-04-22
A_135img,2014-04-22
A_136img,2014-04-22
A_137img,2014-04-22
A_138img,2014-04-22
A_139img,2014-04-22
A_140img,2014-04-22
A_141img,2014-04-22
A_142img,2014-04-22
A_143img,2014-04-22
A_144img,2014-04-22
A_145img,2014-04-22
A_146img,2014-04-22
A_147img,2014-04-22
A_148img,2014-04-22
A_149img,2014-04-22
A_150img,2014-04-22
A_151img,2014-04-22
A_152img,2014-04-22
A_153img,2014-04-22
A_154img,2014-04-22
A_155img,2014-04-22
A_156img,2014-04-22
A_157img,2014-04-22
A_158img,2014-04-22
A_159img,2014-04-22
A_160img,2014-04-22
A_161img,2014-04-22
A_162img,2014-04-22
A_163img,2014-04-22
A_164img,2014-04-22
A_165img,2014-04-22
A_166img,2014-04-22
A_167img,2014-04-22
A_168img,2014-04-22
A_169img,2014-04-22
A_170img,2014-04-22
A_171img,2014-04-22
A_172img,2014-04-22
A_173img,2014-04-22
A_174img,2014-04-22
A_175img,2014-04-22
A_176img,2014-04-22
A_177img,2014-04-22
A_178img,2014-04-22
A_179img,2014-04-22
A_180img,2014-04-22
A_181img,2014-04-22
A_182img,2014-04-22
A_183img,2014-04-22
A_184img,2014-04-22
A_185img,2014-04-22
A_186img,2014-04-22
A_187img,2014-04-22
A_188img,2014-04-22
A_189img,2014-04-22
A_190img,2014-04-22
A_191img,2014-04-22
A_192img,2014-04-22
A_193img,2014-04-22
A_194img,2014-04-22
A_195img,2014-04-22
A_196img,2014-04-22
A_197img,2014-04-22
A_198img,2014-04-22
A_199img,2014-04-22
A_200img,2014-04-22
A_201img,2014-04-22
A_202img,2014-04-22
A_203img,2014-04-22
A_204img,2014-04-22
A_205img,2014-04-22
A_206img,2014-04-22
A_207img,2014-04-22
A_208img,2014-04-22
A_209img,2014-04-22
A_210img,2014-04-22
A_211img,2014-05-22
A_212img,2014-05-22
A_213img,2014-05-22
A_214img,2014-05-22
A_215img,2014-05-22
A_216img,2014-05-22
A_217img,2014-05-22
A_218img,2014-05-22
A_219img,2014-05-22
A_220img,2014-05-22
A_221img,2014-05-22
A_222img,2014-05-22
A_223img,2014-05-22
A_224img,2014-05-22
B_1img,2013-12-09
B_2img,2013-12-09
B_3img,2013-12-09
B_4img,2013-12-09
B_5img,2013-12-09
B_6img,2014-05-21
B_7img,2014-05-21
B_8img,2014-05-21
B_9img,2014-05-21
B_10img,2014-05-21
B_11img,2014-05-21
B_12img,2014-05-21
B_13img,2014-05-21
B_14img,2014-05-21
B_15img,2014-05-21
B_16img,2014-05-21
B_17img,2014-05-21
B_18img,2014-05-21
B_19img,2014-05-21
B_20img,2014-05-21
B_21img,2014-05-21
B_22img,2014-05-21
B_23img,2014-05-21
B_24img,2014-05-21
B_25img,2014-05-21
B_26img,2014-05-21
B_27img,2014-05-21
B_28img,2014-05-21
B_29img,2014-05-21
B_30img,2014-05-21
B_31img,2014-05-21
B_32img,2014-05-21
B_33img,2014-05-21
B_34img,2014-05-21
B_35img,2014-05-21
B_36img,2014-05-21
B_37img,2014-05-21
B_38img,2014-05-21
B_39img,2014-05-21
B_40img,2014-05-21
B_41img,2013-12-09
B_42img,2013-12-09
B_43img,2013-12-09
B_44img,2013-12-09
B_45img,2013-12-09
B_46img,2013-12-09
B_47img,2013-12-09
B_48img,2013-12-09
B_49img,2013-12-09
B_50img,2013-12-09
B_51img,2013-12-09
B_52img,2013-12-09
B_53img,2013-12-09
B_54img,2013-12-09
B_55img,2013-12-09
B_56img,2014-05-21
B_57img,2014-05-21
B_58img,2014-05-21
B_59img,2014-05-21
B_60img,2014-05-21
B_61img,2014-05-21
B_62img,2014-05-21
B_63img,2014-05-21
B_64img,2014-05-21
B_65img,2014-05-21
B_66img,2014-05-21
B_67img,2014-05-21
B_68img,2014-05-21
B_69img,2014-05-21
B_70img,2014-05-21
B_71img,2014-05-21
B_72img,2014-05-21
B_73img,2014-05-21
B_74img,2014-05-21
B_75img,2014-05-21
B_76img,2014-05-21
B_77img,2014-05-21
B_78img,2014-05-21
B_79img,2014-05-21
B_80img,2014-05-21
B_81img,2014-05-21
B_82img,2014-05-21
B_83img,2014-05-21
B_84img,2014-05-21
B_85img,2014-05-21
B_86img,2014-05-21
B_87img,2014-05-21
B_88img,2014-05-21
B_89img,2014-05-21
C_1img,2014-04-23
C_2img,2014-04-23
C_3img,2014-04-23
C_4img,2014-04-23
C_5img,2014-04-23
C_6img,2014-04-23
C_7img,2014-04-23
C_8img,2014-04-23
C_9img,2014-04-23
C_10img,2014-04-23
C_11img,2014-04-23
C_12img,2014-04-23
C_13img,2014-04-23
C_14img,2014-04-23
C_15img,2014-04-23
C_16img,2014-04-23
C_17img,2014-04-23
C_18img,2014-04-23
C_19img,2014-04-23
C_20img,2014-04-23
C_21img,2014-04-23
C_22img,2014-04-23
C_23img,2014-04-23
C_24img,2014-04-23
C_25img,2014-04-23
C_26img,2014-04-23
C_27img,2014-04-23
C_28img,2014-04-23
C_29img,2014-04-23
C_30img,2014-04-23
C_31img,2014-04-23
C_32img,2014-04-23
C_33img,2014-04-23
C_34img,2014-04-23
C_35img,2014-04-23
C_36img,2014-04-23
C_37img,2014-04-23
C_38img,2014-04-23
C_39img,2014-04-23
C_40img,2014-04-23
C_41img,2013-01-28
C_42img,2013-01-28
C_43img,2013-01-28
C_44img,2013-01-28
C_45img,2013-01-28
C_46img,2013-01-28
C_47img,2013-01-28
C_48img,2013-01-28
C_49img,2013-01-28
C_50img,2013-01-28
C_51img,2013-01-28
C_52img,2013-01-28
C_53img,2013-01-28
C_54img,2013-01-28
C_55img,2013-01-28
C_56img,2013-01-28
C_57img,2013-01-28
C_58img,2013-01-28
C_59img,2013-01-28
C_60img,2013-01-28
C_61img,2013-01-28
C_62img,2013-01-28
C_63img,2013-01-28
C_64img,2013-01-28
C_65img,2013-01-28
C_66img,2013-01-28
C_67img,2013-01-28
C_68img,2013-01-28
C_69img,2013-01-28
C_70img,2013-01-28
C_71img,2013-01-28
C_72img,2013-01-28
C_73img,2013-01-28
C_74img,2013-01-28
C_75img,2013-01-28
C_76img,2013-01-28
C_77img,2013-01-28
C_78img,2013-01-28
C_79img,2013-01-28
C_80img,2013-01-28
C_81img,2013-01-28
C_82img,2013-01-28
C_83img,2013-01-28
C_84img,2013-01-28
C_85img,2013-01-28
C_86img,2013-01-28
C_87img,2013-01-28
C_88img,2013-01-28
C_89img,2013-01-28
C_90img,2013-01-28
C_91img,2013-01-28
C_92img,2013-01-28
C_93img,2013-01-28
C_94img,2013-01-28
C_95img,2013-01-28
C_96img,2014-04-23
C_97img,2014-04-23
C_98img,2014-04-23
C_99img,2014-04-23
C_100img,2014-04-23
C_101img,2014-04-23
C_102img,2014-04-23
C_103img,2014-04-23
C_104img,2014-04-23
C_105img,2014-04-23
C_106img,2014-04-23
C_107img,2014-04-23
C_108img,2014-04-23
C_109img,2014-04-23
C_110img,2014-04-23
C_111img,2014-04-23
C_112img,2014-04-23
C_113img,2014-04-23
C_114img,2014-04-23
C_115img,2014-04-23
C_116img,2014-04-23
C_117img,2014-04-23
C_118img,2014-04-23
C_119img,2014-04-23
C_120img,2014-04-23
C_121img,2014-04-23
C_122img,2014-04-23
C_123img,2014-04-23
C_124img,2014-04-23
C_125img,2014-04-23
C_126img,2014-04-23
C_127img,2014-04-23
C_128img,2014-04-23
C_129img,2014-04-23
C_130img,2014-04-23
C_131img,2014-04-23
C_132img,2014-04-23
C_133img,2014-04-23
C_134img,2014-04-23
C_135img,2014-04-23
C_136img,2014-04-23
C_137img,2014-04-23
C_138img,2014-04-23
C_139img,2014-04-23
C_140img,2014-04-23
C_141img,2014-04-23
C_142img,2014-04-23
C_143img,2014-04-23
C_144img,2014-04-23
C_145img,2014-04-23
C_146img,2014-04-23
C_147img,2014-04-23
C_148img,2014-04-23
C_149img,2014-04-23
C_150img,2014-04-23
C_151img,2014-04-23
C_152img,2014-04-23
C_153img,2014-04-23
C_154img,2014-04-23
C_155img,2014-04-23
C_156img,2014-04-23
C_157img,2014-04-23
C_158img,2014-04-23
C_159img,2014-04-23
C_160img,2014-04-23
C_161img,2014-04-23
C_162img,2014-04-23
C_163img,2014-04-23
C_164img,2014-04-23
C_165img,2014-04-23
C_166img,2014-04-23
C_167img,2014-04-23
C_168img,2014-04-23
C_169img,2014-04-23
C_170img,2014-04-23
C_171img,2014-04-23
C_172img,2014-04-23
C_173img,2014-04-23
C_174img,2014-04-23
C_175img,2014-04-23
C_176img,2014-04-23
C_177img,2014-04-23
C_178img,2014-04-23
C_179img,2014-04-23
C_180img,2014-04-23
C_181img,2014-04-23
C_182img,2014-04-23
C_183img,2014-04-23
C_184img,2014-04-23
C_185img,2014-04-23
C_186img,2014-04-23
C_187img,2014-04-23
C_188img,2014-04-23
C_189img,2014-04-23
C_190img,2014-04-23
C_191img,2014-04-23
C_192img,2014-04-23
C_193img,2014-04-23
C_194img,2014-04-23
C_195img,2014-04-23
C_196img,2014-04-23
C_197img,2014-04-23
C_198img,2014-04-23
C_199img,2014-04-23
C_200img,2014-04-23
C_201img,2014-04-23
C_202img,2014-04-23
C_203img,2014-04-23
C_204img,2014-04-23
C_205img,2014-04-23
C_206img,2014-04-23
C_207img,2014-04-23
C_208img,2014-04-23
C_209img,2014-04-23
C_210img,2014-04-23
C_211img,2014-04-23
C_212img,2014-04-23
C_213img,2014-04-23
C_214img,2014-04-23
C_215img,2014-04-23
C_216img,2014-04-23
C_217img,2014-04-23
C_218img,2014-04-23
C_219img,2014-04-23
C_220img,2014-04-23
C_221img,2014-04-23
C_222img,2014-04-23
C_223img,2014-04-23
C_224img,2014-04-23
C_225img,2014-04-23
C_226img,2014-04-23
C_227img,2014-04-23
C_228img,2014-04-23
C_229img,2014-04-23
C_230img,2014-04-23
C_231img,2014-04-23
C_232img,2014-04-23
C_233img,2014-04-23
C_234img,2014-04-23
C_235img,2014-04-23
C_236img,2014-04-23
C_237img,2014-04-23
C_238img,2014-04-23
C_239img,2014-04-23
C_240img,2014-04-23
C_241img,2014-04-23
C_242img,2014-04-23
C_243img,2014-04-23
C_244img,2014-04-23
C_245img,2014-04-23
C_246img,2014-04-23
C_247img,2014-04-23
C_248img,2014-04-23
C_249img,2014-04-23
C_250img,2014-04-23
C_251img,2014-04-23
D_1img,2013-10-04
D_2img,2013-10-04
D_3img,2013-10-04
D_4img,2013-10-04
D_5img,2013-10-04
D_6img,2013-10-04
D_7img,2013-10-04
D_8img,2013-10-04
D_9img,2013-10-04
D_10img,2013-10-04
D_11img,2013-10-04
D_12img,2014-03-24
D_13img,2014-03-24
D_14img,2014-03-24
D_15img,2014-03-24
D_16img,2014-03-24
D_17img,2014-03-24
D_18img,2014-03-24
D_19img,2014-03-24
D_20img,2014-03-24
D_21img,2014-03-24
D_22img,2014-03-24
D_23img,2014-03-24
D_24img,2014-03-24
D_25img,2014-03-24
D_26img,2014-03-24
D_27img,2014-03-24
D_28img,2014-03-24
D_29img,2014-03-24
D_30img,2014-03-24
D_31img,2014-03-24
D_32img,2014-03-24
D_33img,2014-03-24
D_34img,2014-03-24
D_35img,2014-03-24
D_36img,2014-03-24
D_37img,2014-03-24
D_38img,2014-03-24
D_39img,2014-03-24
D_40img,2014-03-24
D_41img,2013-10-04
D_42img,2013-10-04
D_43img,2013-10-04
D_44img,2013-10-04
D_45img,2013-10-04
D_46img,2013-10-04
D_47img,2013-10-04
D_48img,2013-10-04
D_49img,2013-10-04
D_50img,2013-10-04
D_51img,2013-10-04
D_52img,2013-10-04
D_53img,2013-10-04
D_54img,2013-10-04
D_55img,2013-10-04
D_56img,2013-10-04
D_57img,2013-10-04
D_58img,2013-10-04
D_59img,2013-10-04
D_60img,2013-10-04
D_61img,2013-10-04
D_62img,2013-10-22
D_63img,2013-10-22
D_64img,2013-10-22
D_65img,2013-10-22
D_66img,2013-10-22
D_67img,2013-10-22
D_68img,2013-10-22
D_69img,2013-10-22
D_70img,2013-10-22
D_71img,2013-10-22
D_72img,2013-10-22
D_73img,2013-10-22
D_74img,2013-10-22
D_75img,2013-10-22
D_76img,2013-10-22
D_77img,2013-10-22
D_78img,2014-03-24
D_79img,2014-03-24
D_80img,2014-03-24
D_81img,2014-03-24
D_82img,2014-03-24
D_83img,2014-03-24
D_84img,2014-03-24
D_85img,2014-03-24
D_86img,2014-03-24
D_87img,2014-03-24
D_88img,2014-03-24
D_89img,2014-03-24
D_90img,2014-03-24
D_91img,2014-03-24
D_92img,2014-03-24
D_93img,2014-03-24
D_94img,2014-03-24
D_95img,2014-03-24
D_96img,2014-03-24
D_97img,2014-03-24
D_98img,2014-03-24
D_99img,2014-03-24
D_100img,2014-03-24
D_101img,2014-03-24
D_102img,2014-03-24
D_103img,2014-03-24
D_104img,2014-03-24
D_105img,2014-03-24
D_106img,2014-03-24
D_107img,2014-03-24
D_108img,2014-03-24
D_109img,2014-03-24
D_110img,2014-03-24
D_111img,2014-03-24
D_112img,2014-03-24
D_113img,2014-03-24
D_114img,2014-03-24
D_115img,2014-03-24
D_116img,2014-03-24
D_117img,2014-03-24
D_118img,2014-03-24
D_119img,2014-03-24
D_120img,2014-03-24
D_121img,2014-03-24
D_122img,2014-03-24
D_123img,2014-03-24
D_124img,2014-03-24
D_125img,2014-03-24
D_126img,2014-03-24
D_127img,2014-03-24
D_128img,2014-03-24
D_129img,2014-03-24
D_130img,2014-03-24
D_131img,2014-03-24
D_132img,2014-03-24
D_133img,2014-03-24
D_134img,2014-03-24
D_135img,2014-03-24
E_1img,2013-10-04
E_2img,2013-10-04
E_3img,2013-10-04
E_4img,2013-10-04
E_5img,2013-10-04
E_6img,2013-10-04
E_7img,2013-10-04
E_8img,2013-11-21
E_9img,2013-11-21
E_10img,2013-11-21
E_11img,2013-11-21
E_12img,2013-12-05
E_13img,2013-12-05
E_14img,2013-12-05
E_15img,2013-12-05
E_16img,2013-12-05
E_17img,2013-12-05
E_18img,2013-12-05
E_19img,2013-12-05
E_20img,2013-12-05
E_21img,2013-12-05
E_22img,2013-12-05
E_23img,2013-12-05
E_24img,2013-12-05
E_25img,2013-12-05
E_26img,2013-12-05
E_27img,2013-12-05
E_28img,2013-12-05
E_29img,2013-12-05
E_30img,2013-12-05
E_31img,2013-12-11
E_32img,2013-12-11
E_33img,2013-12-11
E_34img,2013-12-11
E_35img,2013-12-11
E_36img,2013-12-11
E_37img,2013-12-11
E_38img,2013-12-11
E_39img,2013-12-11
E_40img,2013-12-11
E_41img,2013-10-04
E_42img,2013-10-04
E_43img,2013-10-04
E_44img,2013-10-04
E_45img,2013-10-04
E_46img,2013-10-04
E_47img,2013-10-04
E_48img,2013-10-23
E_49img,2013-10-23
E_50img,2013-10-23
E_51img,2013-10-23
E_52img,2013-11-21
E_53img,2013-11-21
E_54img,2013-11-21
E_55img,2013-11-21
E_56img,2013-12-05
E_57img,2013-12-05
E_58img,2013-12-05
E_59img,2013-12-05
E_60img,2013-12-05
E_61img,2013-12-05
E_62img,2013-12-05
E_63img,2013-12-05
E_64img,2013-12-05
E_65img,2013-12-05
E_66img,2013-12-11
E_67img,2013-12-11
E_68img,2013-12-11
E_69img,2013-12-11
E_70img,2013-12-11
E_71img,2013-12-11
E_72img,2013-12-11
E_73img,2013-12-11
E_74img,2013-12-11
E_75img,2013-12-11
E_76img,2013-12-11
E_77img,2013-12-11
E_78img,2013-12-11
E_79img,2013-12-11
E_80img,2013-12-11
E_81img,2013-12-11
E_82img,2013-12-11
E_83img,2013-12-11
E_84img,2013-12-11
E_85img,2013-12-11
